name,brand,opening_hours,lat,lon,city,state,customer_id,segment,geofence_radius_m,warehouse_code
Walmart Supercenter,Walmart,,19.3064706,-99.1872597,Tlalpan,Mexico City,0039339272,bronze,150,CEDI-10
Walmart Supercenter,Walmart,"Mo-Su,PH 07:00-23:00",19.3717405,-99.1762739,Colonia del Valle,Mexico City,0982665064,bronze,150,CEDI-10
Walmart,Walmart,,19.3382162,-99.1841616,Coyoacan,Mexico City,0530526084,bronze,150,CEDI-10
Walmart Express,Walmart,,19.3212772,-99.2215349,Magdalena Contreras,Mexico City,0908539468,silver,150,CEDI-10
Walmart Supercenter,Walmart,"Mo-Su,PH 07:00-22:00",19.369736,-99.193947,Alvaro Obregon,Mexico City,0384252364,silver,150,CEDI-10
Walmart Express,Walmart,,19.4222264,-99.2374153,Polanco,Mexico City,0741584749,gold,150,CEDI-10
Walmart Supercenter,Walmart,,19.3686146,-99.1641869,Colonia del Valle,Mexico City,0041838979,silver,150,CEDI-10
Walmart Express,Walmart,,19.3559387,-99.2767026,Cuajimalpa,Mexico City,0525768282,gold,150,CEDI-10
Walmart,Walmart,Mo-Su 07:00-23:00,20.6154935,-100.3975719,Santiago de Queretaro,Queretaro,0189793357,gold,150,CEDI-07
Walmart,Walmart,,24.0365014,-104.6533742,Victoria de Durango,Durango,0028656521,silver,150,CEDI-05
Walmart Supercenter,Walmart,,19.3179305,-99.1255283,Coyoacan,Mexico City,0971112586,bronze,150,CEDI-10
Walmart Supercenter,Walmart,,19.2930643,-99.1237177,Xochimilco,Mexico City,0538114910,silver,150,CEDI-10
Walmart Supercenter,Walmart,,22.1373898,-101.0027833,San Luis Potosi,San Luis Potosi,0432223703,bronze,150,CEDI-07
Walmart,Walmart,,32.6575971,-115.41412,Mexicali,Baja California,0349015227,silver,150,CEDI-04
Walmart Express,Walmart,,19.3048072,-99.2209769,Magdalena Contreras,Mexico City,0781787578,gold,150,CEDI-10
Walmart Express,Walmart,Mo-Su 07:00-23:00,19.3445301,-99.1561411,Coyoacan,Mexico City,0545183940,bronze,150,CEDI-10
Walmart Express,Walmart,,19.342515,-99.2482174,Magdalena Contreras,Mexico City,0008904447,bronze,150,CEDI-10
Walmart,Walmart,,20.6293167,-87.0762127,Playa del Carmen,Quintana Roo,0260065888,silver,150,CEDI-01
Walmart,Walmart,Mo-Su 08:30-20:00,18.1398778,-94.4716734,Coatzacoalcos,Veracruz,0658553090,bronze,150,CEDI-09
Walmart Express,Walmart,Mo-Su 07:00-00:00,19.3581589,-99.1519554,Coyoacan,Mexico City,0320672867,silver,150,CEDI-10
Walmart,Walmart,,25.4246006,-100.9803516,Saltillo,Coahuila,0362624956,bronze,150,CEDI-02
Walmart,Walmart,,25.7224207,-100.2206661,Guadalupe,Nuevo Leon,0059921889,silver,150,CEDI-02
Walmart,Walmart,Mo-Su 07:00-22:00,19.0449581,-98.2369646,Puebla,Puebla,0675904811,silver,150,CEDI-10
Walmart,Walmart,,19.05795,-98.2239308,Puebla,Puebla,0398084645,bronze,150,CEDI-10
Walmart Express,Walmart,,21.9249095,-102.3172616,Pocitos,Aguascalientes,0922924529,bronze,150,CEDI-07
Walmart Miguel Alemán,Walmart,,25.6910492,-100.239978,Guadalupe,Nuevo Leon,0640542601,silver,150,CEDI-02
Walmart Express,Walmart,,19.3838955,-99.1771782,Colonia del Valle,Mexico City,0115631653,bronze,150,CEDI-10
Walmart,Walmart,,25.615883,-100.2742737,Guadalupe,Nuevo Leon,0416673433,gold,150,CEDI-02
Walmart Supercenter,Walmart,,20.2965952,-103.2444493,Ajijic,Jalisco,0623093492,bronze,150,CEDI-11
Walmart,Walmart,,20.6645714,-103.3483555,Guadalajara,Jalisco,0659436532,bronze,150,CEDI-11
Walmart Supercenter,Walmart,,19.4435046,-99.1531236,Cuauhtemoc,Mexico City,0621308047,bronze,150,CEDI-10
Walmart,Walmart,,19.5418447,-96.9073705,Xalapa de Enriquez,Veracruz,0451281671,bronze,150,CEDI-03
Walmart,Walmart,,19.1565412,-96.1123401,Veracruz,Veracruz,0250780727,gold,150,CEDI-03
Walmart Express,Walmart,,20.6425974,-103.4145573,Guadalajara,Jalisco,0766968864,silver,150,CEDI-11
Walmart,Walmart,,25.7307317,-100.369774,San Nicolas de los Garza,Nuevo Leon,0974692064,silver,150,CEDI-02
Walmart Supercenter,Walmart,,25.6731942,-100.2024322,Jardines de la Silla (Jardines),Nuevo Leon,0157918628,silver,150,CEDI-02
Walmart,Walmart,,25.766053,-100.3172532,San Nicolas de los Garza,Nuevo Leon,0624750065,bronze,150,CEDI-02
Walmart,Walmart,,19.4253702,-99.0289726,Colonia Gustavo Baz Prada,Mexico,0944565944,bronze,150,CEDI-10
Walmart,Walmart,,28.6344662,-106.119385,Chihuahua,Chihuahua,0575803184,silver,150,CEDI-08
Walmart Supercenter,Walmart,,19.2573498,-103.7205064,Colima,Colima,0229165132,bronze,150,CEDI-11
Walmart,Walmart,,27.5167106,-109.9285698,Ciudad Obregon,Sonora,0668809637,silver,150,CEDI-06
Walmart Supercenter,Walmart,,19.530975,-99.1562374,Tlalnepantla,Mexico,0726993440,silver,150,CEDI-10
Walmart Supercenter,Walmart,,19.30805,-99.0596829,Iztapalapa,Mexico City,0511018543,gold,150,CEDI-10
Walmart,Walmart,,20.6487559,-103.3100069,Tlaquepaque,Jalisco,0911813196,bronze,150,CEDI-11
Walmart Express,Walmart,,19.4348713,-99.1858689,Miguel Hidalgo,Mexico City,0944766092,bronze,150,CEDI-10
Walmart Express,Walmart,,19.4339538,-99.1900816,Miguel Hidalgo,Mexico City,0011334692,silver,150,CEDI-10
Walmart,Walmart,,20.6666951,-103.4098868,Guadalajara,Jalisco,0495080397,silver,150,CEDI-11
Walmart,Walmart,,22.1384368,-100.9348495,Soledad de Graciano Sanchez,San Luis Potosi,0266869241,silver,150,CEDI-07
Walmart Supercenter,Walmart,,22.1533514,-100.9547926,San Luis Potosi,San Luis Potosi,0877996132,bronze,150,CEDI-07
Walmart,Walmart,,22.7621373,-102.5509176,Zacatecas,Zacatecas,0702842987,silver,150,CEDI-05
Walmart,Walmart,,21.161556,-101.6908499,Leon,Guanajuato,0441490962,bronze,150,CEDI-07
Walmart,Walmart,,22.2303439,-97.8677321,Tampico,Tamaulipas,0821619610,bronze,150,CEDI-13
Walmart,Walmart,,22.297356,-97.879949,Tampico,Tamaulipas,0946132811,silver,150,CEDI-13
Walmart,Walmart,,19.5089047,-96.8818018,Colonia Santa Barbara,Veracruz,0512214167,silver,150,CEDI-03
Walmart,Walmart,,20.5341685,-100.7968926,Celaya,Guanajuato,0037328488,gold,150,CEDI-07
Walmart Supercenter,Walmart,,19.4055036,-99.2737331,Naucalpan de Juarez,Mexico,0885569095,bronze,150,CEDI-10
Walmart Río Sonora,Walmart,,29.06765,-110.9684122,Hermosillo,Sonora,0843793822,silver,150,CEDI-06
Walmart Supercenter,Walmart,,19.2385462,-103.7155281,Colima,Colima,0672671771,bronze,150,CEDI-11
Walmart,Walmart,,20.6838255,-101.3666549,Irapuato,Guanajuato,0137413507,silver,150,CEDI-07
Walmart Culiacán,Walmart,,24.814762,-107.4092124,Culiacan,Sinaloa,0734912957,silver,150,CEDI-12
Walmart,Walmart,,24.1187653,-110.3431298,La Paz,Baja California Sur,0739730064,bronze,150,CEDI-12
Walmart,Walmart,,24.0558713,-104.6113973,Victoria de Durango,Durango,0800442391,gold,150,CEDI-05
Walmart,Walmart,,23.752387,-99.1564482,Ciudad Victoria,Tamaulipas,0962884499,silver,150,CEDI-02
Walmart,Walmart,,24.004552,-104.6522798,Victoria de Durango,Durango,0035220755,gold,150,CEDI-05
Walmart,Walmart,,26.9090107,-101.4239765,Monclova,Coahuila,0074450037,silver,150,CEDI-02
Walmart,Walmart,,17.9893055,-92.969053,Brisas del Carrizal,Tabasco,0653978747,bronze,150,CEDI-09
Walmart,Walmart,,18.0014765,-92.9247884,Villahermosa,Tabasco,0159240047,bronze,150,CEDI-09
Walmart Supercenter,Walmart,,19.8525832,-90.5285964,Campeche,Campeche,0926753320,bronze,150,CEDI-01
Walmart,Walmart,,28.4023967,-106.8380768,Cuauhtemoc,Chihuahua,0951170648,silver,150,CEDI-08
Walmart,Walmart,,22.2711544,-97.871594,Tampico,Tamaulipas,0439930953,silver,150,CEDI-13
Walmart,Walmart,,22.2529348,-97.8531038,Tampico,Tamaulipas,0768525253,bronze,150,CEDI-13
Walmart 68,Walmart,,24.7791424,-107.3948419,Culiacan,Sinaloa,0310495728,silver,150,CEDI-12
Walmart Supercenter,Walmart,Mo-Su 07:00-22:00,19.2703357,-99.6060272,Metepec,Morelos,0299012100,silver,150,CEDI-10
Walmart,Walmart,,19.2810178,-99.6393299,Toluca,Mexico,0756551579,silver,150,CEDI-10
Walmart Express,Walmart,,19.2958725,-99.1552255,Tlalpan,Mexico City,0271337814,gold,150,CEDI-10
Walmart,Walmart,,19.4293047,-98.9103576,Santa Martha,Mexico,0466843319,bronze,150,CEDI-10
Walmart,Walmart,,26.9335338,-105.6509215,Hidalgo del Parral,Chihuahua,0215279004,silver,150,CEDI-08
Walmart,Walmart,,23.0538894,-109.7022061,San Jose del Cabo,Baja California Sur,0149729052,silver,150,CEDI-12
Walmart,Walmart,,23.2443948,-106.4237179,Mazatlan,Sinaloa,0671702484,bronze,150,CEDI-05
Walmart Supercenter,Walmart,,20.6565959,-105.2381214,Puerto Vallarta,Jalisco,0693837433,silver,150,CEDI-11
Walmart,Walmart,,31.7046706,-106.418527,Ciudad Juarez,Chihuahua,0265927907,gold,150,CEDI-08
Walmart,Walmart,,31.7353352,-106.4424723,Ciudad Juarez,Chihuahua,0003859156,silver,150,CEDI-08
Walmart Supercenter,Walmart,,17.9784896,-102.2126162,Ciudad Lazaro Cardenas,Michoacan,0652339418,silver,150,CEDI-11
Walmart,Walmart,,21.4915278,-104.8816495,Tepic,Nayarit,0521310766,silver,150,CEDI-11
Walmart Supercenter,Walmart,,32.6225783,-115.4556588,Mexicali,Baja California,0908118466,bronze,150,CEDI-04
Walmart,Walmart,,25.5813536,-108.4738193,Guasave,Sinaloa,0850630153,bronze,150,CEDI-12
Walmart Supercenter,Walmart,Mo-Su 07:00-23:00,19.6795539,-101.2202865,Morelos,Michoacan,0425505503,silver,150,CEDI-07
Walmart,Walmart,,20.7139039,-103.3753114,Zapopan,Jalisco,0820608710,silver,150,CEDI-11
Walmart,Walmart,,23.6577257,-100.6385302,Matehuala,San Luis Potosi,0903411316,silver,150,CEDI-02
Walmart Supercenter,Walmart,,20.5742272,-100.4092503,Santiago de Queretaro,Queretaro,0206189089,bronze,150,CEDI-07
Walmart Express,Walmart,,19.5229028,-96.8919475,Lomas Verdes,Veracruz,0655007636,silver,150,CEDI-03
Walmart,Walmart,,19.3078085,-99.6343534,Toluca,Mexico,0667668111,bronze,150,CEDI-10
Walmart,Walmart,,19.2582445,-99.6226826,San Jorge Pueblo Nuevo,Mexico,0712011019,gold,150,CEDI-10
Walmart Supercenter,Walmart,07:00-23:00,20.9970657,-89.6742824,Caucel,Yucatan,0839644833,silver,150,CEDI-01
Walmart Express,Walmart,,20.6918062,-100.4448061,El Salitre,Queretaro,0123040112,bronze,150,CEDI-07
Walmart,Walmart,,20.6760508,-100.4328571,El Salitre,Queretaro,0269513246,silver,150,CEDI-07
Walmart Express,Walmart,,19.2823096,-99.1732472,Tlalpan,Mexico City,0661133766,bronze,150,CEDI-10
Walmart,Walmart,,19.2656105,-99.170326,Tlalpan,Mexico City,0847534861,bronze,150,CEDI-10
Walmart,Walmart,Mo-Su 08:00-21:00,18.9559917,-99.2378287,Fraccionamiento Lomas de Ahuatlan,Morelos,0020672662,silver,150,CEDI-10
Walmart Supercenter,Walmart,Mo-Su 07:00-10:00,19.4175609,-99.1057521,Iztacalco,Mexico City,0101382538,bronze,150,CEDI-10
Walmart,Walmart,,28.1994923,-105.4650725,Ciudad Delicias,Chihuahua,0949446853,silver,150,CEDI-08
Walmart Express,Walmart,,19.3818449,-99.1626121,Colonia del Valle,Mexico City,0768777239,silver,150,CEDI-10
Walmart,Walmart,,18.9013826,-99.1747505,Jiutepec,Morelos,0878440083,silver,150,CEDI-10
Walmart,Walmart,,31.821466,-116.600555,Ensenada,Baja California,0486226794,silver,150,CEDI-04
Walmart,Walmart,,19.2806056,-103.7312912,Ciudad de Villa de Alvarez,Colima,0250997601,bronze,150,CEDI-11
Walmart,Walmart,,20.5389573,-100.4353881,El Pueblito,Queretaro,0022072913,bronze,150,CEDI-07
Walmart Supercenter,Walmart,,19.3842354,-99.080422,Iztacalco,Mexico City,0304580260,silver,150,CEDI-10
Walmart,Walmart,,19.2872293,-99.699357,San Jose Barbabosa,Mexico,0372599839,silver,150,CEDI-10
Walmart Supercenter,Walmart,,20.9946023,-89.6552849,Merida,Yucatan,0788914916,silver,150,CEDI-01
Walmart,Walmart,,25.6638941,-100.2420475,Guadalupe,Nuevo Leon,0899555409,bronze,150,CEDI-02
Walmart,Walmart,,19.5429377,-99.2137542,Tlalnepantla,Mexico,0160895218,silver,150,CEDI-10
Walmart,Walmart,Mo-Su 07:00-23:00,18.9025915,-96.9596757,San Jose de Abajo [Unidad Habitacional],Veracruz,0518827851,silver,150,CEDI-03
Walmart,Walmart,,31.6335624,-106.3934245,Socorro,Texas,0956293161,gold,150,CEDI-08
Walmart Express,Walmart,,19.3899251,-99.1756754,Colonia del Valle,Mexico City,0665104001,silver,150,CEDI-10
Walmart,Walmart,,32.4936538,-116.8519718,Terrazas del Valle,Baja California,0194939701,silver,150,CEDI-04
Walmart,Walmart,,20.6544551,-87.080986,Playa del Carmen,Quintana Roo,0064084058,gold,150,CEDI-01
Walmart Supercenter,Walmart,Mo-Su 7:00-22:00,21.0097091,-89.6219013,Merida,Yucatan,0084115641,bronze,150,CEDI-01
Walmart,Walmart,,19.6773898,-99.1482687,Tultepec,Mexico,0618806909,gold,150,CEDI-10
Walmart,Walmart,,32.4956784,-116.9347382,San Luis,Baja California,0526030246,gold,150,CEDI-04
Walmart,Walmart,,31.2892777,-110.94162,Nogales,Sonora,0307576550,silver,150,CEDI-06
Walmart Express,Walmart,,19.4350622,-99.2095777,Miguel Hidalgo,Mexico City,0447627222,bronze,150,CEDI-10
Walmart Express,Walmart,,20.6946251,-103.384171,Zapopan2,Jalisco,0372646016,bronze,150,CEDI-11
Walmart,Walmart,,18.5150213,-88.2812557,Chetumal,Quintana Roo,0722387564,bronze,150,CEDI-01
Walmart,Walmart,,22.9032144,-109.8991831,Cabo San Lucas,Baja California Sur,0478127004,gold,150,CEDI-12
Walmart Supercenter,Walmart,,19.4254216,-102.0380574,Uruapan,Michoacan,0175853150,bronze,150,CEDI-07
Walmart Supercenter,Walmart,,25.6753317,-100.4510267,Santa Catarina,Nuevo Leon,0185837998,silver,150,CEDI-02
Walmart,Walmart,,22.1655906,-100.9990293,San Luis Potosi,San Luis Potosi,0883628168,silver,150,CEDI-07
Walmart,Walmart,,25.6524327,-100.209608,Jardines de la Silla (Jardines),Nuevo Leon,0696812818,bronze,150,CEDI-02
Walmart Express,Walmart,,25.678906,-100.3641394,Garza Garcia,Nuevo Leon,0972222881,silver,150,CEDI-02
Walmart Supercenter,Walmart,,19.2948448,-99.1091815,Xochimilco,Mexico City,0335453115,gold,150,CEDI-10
Walmart,Walmart,,20.3537963,-102.056849,La Piedad Cavadas,Michoacan,0570065393,silver,150,CEDI-07
Walmart Supercenter,Walmart,,20.997731,-89.5759965,Merida,Yucatan,0693697445,silver,150,CEDI-01
Walmart SuperCenter Valle Real,Walmart,,20.7296914,-103.4506815,Nuevo Mexico,Jalisco,0928152001,silver,150,CEDI-11
Walmart Express,Walmart,,20.731029,-103.4331921,Nuevo Mexico,Jalisco,0435561744,silver,150,CEDI-11
Walmart,Walmart,,20.6571305,-103.4490454,Guadalajara,Jalisco,0780615655,silver,150,CEDI-11
Walmart Express,Walmart,,19.490273,-99.1340218,Colonia Lindavista,Mexico,0637196116,bronze,150,CEDI-10
Walmart Express,Walmart,,19.3930088,-99.1542427,Benito Juarez,Mexico City,0851017905,bronze,150,CEDI-10
Walmart Express,Walmart,,18.9352361,-99.2076141,Colonia los Cerritos,Morelos,0890846441,gold,150,CEDI-10
Walmart,Walmart,,25.6656145,-100.2805387,Guadalupe,Nuevo Leon,0405292411,gold,150,CEDI-02
Walmart,Walmart,,18.4680763,-97.4154745,Tehuacan,Puebla,0166412180,silver,150,CEDI-03
Walmart Supercenter,Walmart,,20.603543,-103.4005028,Paseo del Prado,Jalisco,0426430042,gold,150,CEDI-11
Walmart,Walmart,,21.8825958,-102.2580382,Aguascalientes,Aguascalientes,0226292938,silver,150,CEDI-07
Walmart Express,Walmart,,20.6931838,-103.4406003,Zapopan2,Jalisco,0184728002,silver,150,CEDI-11
Walmart,Walmart,,32.5283392,-117.1186835,Imperial Beach,California,0731860710,silver,150,CEDI-04
Walmart Supercenter,Walmart,,20.809964,-102.7778371,Tepatitlan de Morelos,Jalisco,0439206633,bronze,150,CEDI-11
Walmart,Walmart,,18.8366256,-99.2137051,Temixco,Morelos,0292636882,silver,150,CEDI-10
Walmart,Walmart,,19.6384616,-99.2233795,Cuautitlan Izcalli,Mexico,0471207622,bronze,150,CEDI-10
Walmart,Walmart,,27.4818168,-109.927085,Ciudad Obregon,Sonora,0782579202,silver,150,CEDI-06
Walmart,Walmart,,16.2315157,-95.208428,La Noria,Oaxaca,0029264109,gold,150,CEDI-09
Walmart,Walmart,,16.7532671,-93.1362163,Tuxtla Gutierrez,Chiapas,0049941535,gold,150,CEDI-09
Walmart Express,Walmart,,19.3392205,-99.1266005,Coyoacan,Mexico City,0101396988,silver,150,CEDI-10
Walmart Supercenter,Walmart,,19.3987618,-99.2889231,San Bartolome Coatepec,Mexico,0701369208,silver,150,CEDI-10
Walmart Express,Walmart,,19.3728901,-99.2789704,Col. Bosques de las Lomas,Mexico City,0953765312,gold,150,CEDI-10
Walmart Supercenter,Walmart,,19.5530701,-99.2905056,Ciudad Lopez Mateos,Mexico,0418083635,silver,150,CEDI-10
Walmart,Walmart,,25.7939408,-100.3272884,General Escobedo,Nuevo Leon,0776453666,gold,150,CEDI-02
Walmart,Walmart,,16.7505212,-93.0764066,Tuxtla Gutierrez,Chiapas,0193350327,silver,150,CEDI-09
Walmart Express,Walmart,,18.9368052,-99.2474479,Cuernavaca,Morelos,0576691703,gold,150,CEDI-10
Walmart,Walmart,Mo-Su 07:00-23:00,18.8625788,-97.0948134,Orizaba,Veracruz,0514763868,gold,150,CEDI-03
Walmart,Walmart,,28.6189818,-106.0290466,Chihuahua,Chihuahua,0959870400,bronze,150,CEDI-08
Walmart Supercenter,Walmart,Mo-Su 08:00-22:30,19.4195647,-99.0938092,Venustiano Carranza,Mexico City,0481787920,silver,150,CEDI-10
Walmart Supercenter,Walmart,,20.5875543,-103.4427492,La Tijera,Jalisco,0086908452,silver,150,CEDI-11
Walmart Express,Walmart,,19.3448608,-99.1351934,Coyoacan,Mexico City,0821405059,bronze,150,CEDI-10
Walmart Supercenter,Walmart,,32.3784659,-117.0589563,Rosarito,Baja California,0600632007,bronze,150,CEDI-04
Walmart,Walmart,,19.8246235,-90.5457555,Campeche,Campeche,0912383923,silver,150,CEDI-01
Walmart,Walmart,,19.2992241,-98.8859091,Ixtapaluca,Mexico,0426662431,silver,150,CEDI-10
Walmart,Walmart,,21.038754,-89.6043101,Merida,Yucatan,0689886443,bronze,150,CEDI-01
Walmart,Walmart,,25.7599588,-100.4054872,Mitras Poniente,Nuevo Leon,0168682741,bronze,150,CEDI-02
Walmart,Walmart,,32.4878693,-116.9455419,San Luis,Baja California,0948855846,bronze,150,CEDI-04
Walmart Supercenter,Walmart,,21.8598263,-102.2960654,Aguascalientes,Aguascalientes,0692242294,silver,150,CEDI-07
Walmart Supercenter,Walmart,Mo-Su 08:00-22:00,28.7274465,-106.1299761,Chihuahua,Chihuahua,0170262680,bronze,150,CEDI-08
Walmart Express,Walmart,Mo-Su 07:00-23:00,19.4152626,-99.1780745,Polanco,Mexico City,0977068711,gold,150,CEDI-10
Walmart,Walmart,,29.0983153,-110.9941515,Hermosillo,Sonora,0248000477,silver,150,CEDI-06
Walmart,Walmart,,19.6927456,-101.1488709,Puerto de Buenavista (Lazaro Cardenas),Michoacan,0217816395,bronze,150,CEDI-07
Walmart La Isla,Walmart,,24.8249887,-107.3702406,Culiacan,Sinaloa,0686387381,gold,150,CEDI-12
Walmart,Walmart,,19.6591248,-99.0184522,Santo Tomas Chiconautla,Mexico,0411762176,bronze,150,CEDI-10
Walmart,Walmart,,19.2994268,-98.9534528,San Miguel Xico Viejo,Mexico,0184603294,bronze,150,CEDI-10
Walmart,Walmart,,19.0770185,-98.2243385,Sanctorum,Puebla,0677388593,gold,150,CEDI-10
Walmart Express,Walmart,,19.033006,-98.2249872,Puebla,Puebla,0259570056,silver,150,CEDI-10
Walmart Express,Walmart,,18.9442032,-99.2278842,Cuernavaca,Morelos,0897401080,silver,150,CEDI-10
Walmart,Walmart,,29.1221182,-110.9492411,Hermosillo,Sonora,0238060021,silver,150,CEDI-06
Walmart,Walmart,,21.0984411,-101.6601165,Leon,Guanajuato,0846132085,gold,150,CEDI-07
Walmart Express,Walmart,,18.9562867,-99.2463575,Fraccionamiento Lomas de Ahuatlan,Morelos,0186645359,silver,150,CEDI-10
Walmart Supercenter,Walmart,,19.515425,-99.2310742,Vista Hermosa,Mexico,0697463118,silver,150,CEDI-10
Walmart,Walmart,,19.7899192,-99.0547159,Arbolada los Sauces,Mexico,0618856493,bronze,150,CEDI-10
Walmart,Walmart,,23.7405969,-99.1347435,Ciudad Victoria,Tamaulipas,0213882193,gold,150,CEDI-02
Walmart Supercenter,Walmart,,19.2613176,-98.878062,Chalco de Diaz Covarrubias,Mexico,0624361765,silver,150,CEDI-10
Walmart,Walmart,,22.277706,-97.8420689,Ciudad Madero,Tamaulipas,0729648266,bronze,150,CEDI-13
Walmart,Walmart,,28.697911,-106.139114,Chihuahua,Chihuahua,0961720220,gold,150,CEDI-08
Walmart Supercenter,Walmart,,28.6658722,-106.1307812,Chihuahua,Chihuahua,0370515405,silver,150,CEDI-08
Walmart Supercenter,Walmart,,32.4744702,-117.0004853,Tijuana,Baja California,0342595817,silver,150,CEDI-04
Walmart Colosio,Walmart,Mo-Su 07:00-23:00,29.0833106,-111.0214687,Hermosillo,Sonora,0539656035,bronze,150,CEDI-06
Walmart Supercenter,Walmart,,19.3445769,-99.1827557,Coyoacan,Mexico City,0790216910,gold,150,CEDI-10
Walmart Supercenter,Walmart,,17.5256642,-99.489861,Chilpancingo de los Bravos,Guerrero,0322466478,silver,150,CEDI-10
Walmart,Walmart,,16.7447666,-92.660117,San Antonio del Monte,Chiapas,0315050166,silver,150,CEDI-09
Walmart,Walmart,,21.1251674,-86.8754778,Alfredo V. Bonfil,Quintana Roo,0635872864,gold,150,CEDI-01
Walmart Express,Walmart,,19.0762595,-96.093022,Playa de la Libertad,Veracruz,0431967208,silver,150,CEDI-03
Walmart Express,Walmart,,19.4223365,-99.2055158,Polanco,Mexico City,0411203929,silver,150,CEDI-10
Walmart Express,Walmart,Mo-Su 07:00-23:00,19.3395759,-99.2188186,Magdalena Contreras,Mexico City,0354069720,bronze,150,CEDI-10
Walmart,Walmart,,16.844763,-99.847337,Acapulco de Juarez,Guerrero,0181297332,bronze,150,CEDI-10
Walmart Supercenter,Walmart,,20.559802,-100.4273835,El Pueblito,Queretaro,0862652251,bronze,150,CEDI-07
Walmart Supercenter,Walmart,,19.5160229,-99.2677855,Rincon Verde,Mexico,0031710119,bronze,150,CEDI-10
Walmart Supercenter,Walmart,Mo-Su 07:00-22:00,19.4092548,-99.075272,Iztacalco,Mexico City,0111562663,bronze,150,CEDI-10
Walmart,Walmart,,19.3238448,-98.2297135,Acxotla del Rio,Tlaxcala,0377564689,silver,150,CEDI-10
Walmart Supercenter,Walmart,,19.249667,-99.5897545,San Salvador Tizatlalli,Mexico,0604974557,silver,150,CEDI-10
Walmart,Walmart,,19.0172782,-98.2634913,Tlazcalancingo,Puebla,0968581690,bronze,150,CEDI-10
Walmart Supercenter,Walmart,,20.743896,-103.4095565,Zapopan2,Jalisco,0830094316,bronze,150,CEDI-11
Walmart Supercenter,Walmart,,25.7915827,-100.2476839,Fraccionamiento Cosmopolis Octavo Sector,Nuevo Leon,0797565644,silver,150,CEDI-02
Walmart Supercenter,Walmart,,19.3640196,-99.2886505,Cuajimalpa,Mexico City,0291217848,gold,150,CEDI-10
Walmart,Walmart,24/7,21.1543228,-86.8337325,Cancun,Quintana Roo,0172057896,silver,150,CEDI-01
Walmart,Walmart,,25.8058384,-108.990648,Los Mochis,Sinaloa,0701909743,gold,150,CEDI-12
Walmart Supercenter,Walmart,,20.5832283,-101.2246184,Salamanca,Guanajuato,0658892852,bronze,150,CEDI-07
Walmart,Walmart,,25.8594122,-97.5195236,Heroica Matamoros,Tamaulipas,0045517759,bronze,150,CEDI-02
Walmart Reforma Huinala,Walmart,,25.7236045,-100.1642325,Fraccionamiento Mision de San Javier,Nuevo Leon,0195529435,silver,150,CEDI-02
Walmart,Walmart,,20.6572342,-101.3432144,Irapuato,Guanajuato,0668914712,gold,150,CEDI-07
Walmart Supercenter,Walmart,,19.5159382,-98.8685193,Texcoco de Mora,Mexico,0044796334,silver,150,CEDI-10
Walmart,Walmart,,18.9328078,-99.2275323,Cuernavaca,Morelos,0657311287,silver,150,CEDI-10
Walmart,Walmart,,18.9343885,-99.1965867,Colonia los Cerritos,Morelos,0691620845,silver,150,CEDI-10
Walmart,Walmart,,14.8742921,-92.2833104,Cebadilla 1ra. Seccion,Chiapas,0746589118,gold,150,CEDI-09
Walmart,Walmart,,21.9662905,-98.9933711,Ciudad Valles,San Luis Potosi,0400604327,bronze,150,CEDI-13
Walmart Supercenter,Walmart,,21.3439694,-101.9458741,Lagos de Moreno,Jalisco,0330869448,silver,150,CEDI-07
Walmart,Walmart,,20.5686805,-97.437351,Villa de las Flores,Veracruz,0223185794,silver,150,CEDI-13
Walmart,Walmart,,20.9478096,-97.4334483,Alto Lucero,Veracruz,0738047450,gold,150,CEDI-13
Walmart Express,Walmart,Mo-Su 07:00-22:00,19.1817045,-99.5898311,San Andres Ocotlan,Morelos,0962583859,silver,150,CEDI-10
Walmart,Walmart,,19.2134364,-96.1921704,Rio Medio [Granja],Veracruz,0328627980,silver,150,CEDI-03
Walmart Express,Walmart,,20.6857445,-103.3956332,Guadalajara,Jalisco,0218177800,silver,150,CEDI-11
Walmart Supercenter,Walmart,,20.7444311,-103.3876492,Zapopan,Jalisco,0429289397,bronze,150,CEDI-11
Walmart,Walmart,,32.5957582,-115.3608351,Puebla,Baja California,0448591026,silver,150,CEDI-04
Walmart,Walmart,,20.0884977,-98.7191646,Colinas de Plata,Hidalgo,0177060408,bronze,150,CEDI-10
Walmart Supercenter,Walmart,Mo-Su 08:00-23:00,32.63368,-115.3850494,Islas Agrarias Grupo A,Baja California,0824520929,gold,150,CEDI-04
Walmart Express,Walmart,,20.7089804,-103.4110818,Zapopan2,Jalisco,0564190029,bronze,150,CEDI-11
Walmart,Walmart,,25.5765728,-103.4143499,Torreon,Coahuila,0472761032,silver,150,CEDI-05
Walmart fundidores Lopez mateos,Walmart,,25.733662,-100.2461405,San Nicolas de los Garza,Nuevo Leon,0131997375,silver,150,CEDI-02
Walmart,Walmart,"Mo-Su,PH 07:00-23:00",20.6703019,-87.064092,Playa del Carmen,Quintana Roo,0524206867,silver,150,CEDI-01
Walmart Supercenter,Walmart,,19.6771221,-103.4762453,Ciudad Guzman,Jalisco,0265373845,gold,150,CEDI-11
Walmart Supercenter,Walmart,,29.3192884,-100.9556492,Ciudad Acuna,Coahuila,0635660716,silver,150,CEDI-02
Walmart Express,Walmart,,21.1596119,-86.8197395,Cancun,Quintana Roo,0562248773,gold,150,CEDI-01
Walmart,Walmart,,25.8071194,-100.22328,Fraccionamiento Cosmopolis Octavo Sector,Nuevo Leon,0156444914,bronze,150,CEDI-02
Walmart Express,Walmart,,21.1121062,-86.8413163,Alfredo V. Bonfil,Quintana Roo,0589895817,silver,150,CEDI-01
Walmart,Walmart,,25.6453693,-100.1681501,Valle de Juarez,Nuevo Leon,0011862425,gold,150,CEDI-02
Walmart Supercenter,Walmart,,31.6722874,-106.3863173,Socorro,Texas,0474488897,gold,150,CEDI-08
Walmart Express,Walmart,,21.0013614,-89.5931361,Merida,Yucatan,0353823158,bronze,150,CEDI-01
Walmart,Walmart,,19.0562996,-98.1601438,Casa Blanca,Puebla,0623244124,bronze,150,CEDI-10
Walmart,Walmart,,19.068167,-98.1746352,Puebla,Puebla,0846968681,silver,150,CEDI-10
Walmart Express,Walmart,,18.9834761,-98.1950896,18 de Marzo,Puebla,0633292859,silver,150,CEDI-10
Walmart,Walmart,,19.0194063,-98.198253,Puebla,Puebla,0862668493,gold,150,CEDI-10
Walmart,Walmart,,18.9865291,-98.2398805,El Capulo (La Quebradora),Puebla,0737437064,gold,150,CEDI-10
Walmart,Walmart,,18.99726,-98.2790175,Santa Clara,Puebla,0147763964,gold,150,CEDI-10
Walmart Express,Walmart,,19.0496416,-98.2481638,Santiago Momoxpan,Puebla,0248097599,silver,150,CEDI-10
Walmart,Walmart,,25.8669084,-97.4762507,Heroica Matamoros,Tamaulipas,0727947944,silver,150,CEDI-02
Walmart Express,Walmart,,19.3182206,-99.2111505,Magdalena Contreras,Mexico City,0678656329,silver,150,CEDI-10
Walmart,Walmart,,32.6212346,-115.506706,Vinas del Sol,Baja California,0575270176,bronze,150,CEDI-04
Walmart,Walmart,,18.1024748,-96.1336721,Tuxtepec,Oaxaca,0536714588,gold,150,CEDI-03
Walmart,Walmart,,25.780021,-100.2147237,Fraccionamiento Cosmopolis Octavo Sector,Nuevo Leon,0220836544,bronze,150,CEDI-02
Walmart,Walmart,,20.9864077,-89.6161048,Merida,Yucatan,0838393152,silver,150,CEDI-01
Walmart Supercenter,Walmart,,22.1096145,-100.8923382,La Pila,San Luis Potosi,0568509230,silver,150,CEDI-07
Walmart,Walmart,,31.3080925,-113.521563,Puerto Penasco,Sonora,0369395607,silver,150,CEDI-04
Walmart Supercenter,Walmart,,32.5756063,-116.617677,Tecate,Baja California,0679879988,gold,150,CEDI-04
Walmart Supercenter,Walmart,,22.8893504,-109.9090489,Cabo San Lucas,Baja California Sur,0279229525,silver,150,CEDI-12
Walmart,Walmart,,29.1265335,-111.0218707,Hermosillo,Sonora,0230336452,bronze,150,CEDI-06
Soriana Híper,Soriana,,20.6297708,-105.2300811,Puerto Vallarta,Jalisco,0541329332,bronze,150,CEDI-11
MEGA Soriana,Soriana,Mo-Su 07:00-23:00,20.6754029,-103.4290771,Guadalajara,Jalisco,0214603840,silver,150,CEDI-11
Soriana,Soriana,,19.3841452,-99.1889298,Colonia del Valle,Mexico City,0802682126,silver,150,CEDI-10
Soriana,Soriana,24/7,19.3792057,-99.1863072,Colonia del Valle,Mexico City,0280432586,silver,150,CEDI-10
Soriana,Soriana,,19.3759927,-99.1632964,Colonia del Valle,Mexico City,0227074582,bronze,150,CEDI-10
Soriana,Soriana,,25.7059962,-100.3384935,Monterrey,Nuevo Leon,0625148053,silver,150,CEDI-02
Soriana,Soriana,,25.6876915,-100.3247648,Monterrey,Nuevo Leon,0575123121,silver,150,CEDI-02
MEGA Soriana,Soriana,,21.1064703,-101.6607536,Leon,Guanajuato,0426861273,silver,150,CEDI-07
Soriana,Soriana,,19.3183365,-98.2213968,San Buenaventura Atempan,Tlaxcala,0796818014,silver,150,CEDI-10
Soriana Mercado,Soriana,,16.8591719,-99.8936712,Acapulco de Juarez,Guerrero,0423330644,gold,150,CEDI-10
Soriana Híper,Soriana,,17.6478802,-101.5434665,Ixtapa-Zihuatanejo,Guerrero,0028684195,bronze,150,CEDI-10
Soriana,Soriana,,24.0267981,-104.6632537,Victoria de Durango,Durango,0978057162,gold,150,CEDI-05
Soriana,Soriana,,24.0440865,-104.6306074,Victoria de Durango,Durango,0544422783,silver,150,CEDI-05
Soriana,Soriana,,16.7482223,-93.0807664,Tuxtla Gutierrez,Chiapas,0518332432,bronze,150,CEDI-09
Soriana,Soriana,,19.3860571,-99.1636083,Colonia del Valle,Mexico City,0292390882,gold,150,CEDI-10
Soriana,Soriana,,19.3695502,-99.1577107,Colonia del Valle,Mexico City,0924256773,silver,150,CEDI-10
MEGA Soriana,Soriana,,21.152557,-86.8451583,Cancun,Quintana Roo,0436731989,gold,150,CEDI-01
Soriana,Soriana,,19.4097135,-98.1460992,Apizaco,Tlaxcala,0132416574,bronze,150,CEDI-10
Soriana,Soriana,Mo-Fr 08:30-20:00,18.1437612,-94.4743709,Coatzacoalcos,Veracruz,0603665657,bronze,150,CEDI-09
Soriana,Soriana,Mo-Su 08:30-22:00,18.1220624,-94.4437755,Coatzacoalcos,Veracruz,0702343608,bronze,150,CEDI-09
MEGA Soriana,Soriana,,19.0659537,-98.2121305,Puebla,Puebla,0934860663,silver,150,CEDI-10
MEGA Soriana,Soriana,,20.6989881,-103.3372332,Zapopan,Jalisco,0365385842,bronze,150,CEDI-11
Soriana Híper,Soriana,,19.0393052,-98.2069474,Puebla,Puebla,0417888457,bronze,150,CEDI-10
Soriana,Soriana,,18.6512642,-91.8051555,Ciudad del Carmen,Campeche,0508094899,bronze,150,CEDI-09
Soriana Híper,Soriana,,25.5649455,-103.4415288,Torreon,Coahuila,0476174209,gold,150,CEDI-05
Soriana,Soriana,Mo-Su 08:00-22:00,19.5706372,-99.0419955,Colonia el Salado,Mexico,0240109993,gold,150,CEDI-10
Soriana,Soriana,,25.6390756,-100.2825621,Guadalupe,Nuevo Leon,0110985740,bronze,150,CEDI-02
Soriana,Soriana,,25.4572742,-101.0106287,Saltillo,Coahuila,0114812747,gold,150,CEDI-02
MEGA Soriana,Soriana,,20.6983508,-103.3866739,Zapopan2,Jalisco,0291382469,bronze,150,CEDI-11
Soriana,Soriana,,23.2475456,-106.4370472,Mazatlan,Sinaloa,0600575403,bronze,150,CEDI-05
Soriana Híper,Soriana,,19.1039259,-104.3268237,Manzanillo,Colima,0546744618,gold,150,CEDI-11
MEGA Soriana,Soriana,,17.0808036,-96.7116019,Oaxaca de Juarez,Oaxaca,0558123919,bronze,150,CEDI-03
MEGA Soriana,Soriana,,20.3009505,-103.1900251,Chapala,Jalisco,0638944141,gold,150,CEDI-11
Soriana Mercado,Soriana,,25.4030868,-101.0270577,Saltillo,Coahuila,0759931452,silver,150,CEDI-02
Soriana,Soriana,,20.7325339,-103.4523311,Nuevo Mexico,Jalisco,0165782727,silver,150,CEDI-11
MEGA Soriana,Soriana,,19.1608115,-96.1074154,Veracruz,Veracruz,0524292362,silver,150,CEDI-03
Soriana,Soriana,,25.683014,-100.3570995,Garza Garcia,Nuevo Leon,0586533066,silver,150,CEDI-02
Soriana,Soriana,,16.858422,-99.8904878,Acapulco de Juarez,Guerrero,0829075086,gold,150,CEDI-10
MEGA Soriana,Soriana,,25.6719453,-100.4208926,San Pedro Garza Garcia,Nuevo Leon,0904022190,silver,150,CEDI-02
MEGA Soriana,Soriana,,25.6890472,-100.4550875,Santa Catarina,Nuevo Leon,0605692554,gold,150,CEDI-02
Soriana,Soriana,,25.7204199,-100.3816898,San Pedro Garza Garcia,Nuevo Leon,0806335766,silver,150,CEDI-02
Soriana,Soriana,,25.6611256,-100.2140791,Jardines de la Silla (Jardines),Nuevo Leon,0571708893,silver,150,CEDI-02
Soriana,Soriana,,25.7883834,-100.3206177,General Escobedo,Nuevo Leon,0984617094,gold,150,CEDI-02
MEGA Soriana,Soriana,,20.5797787,-103.4481842,La Tijera,Jalisco,0740877476,bronze,150,CEDI-11
Soriana Mercado,Soriana,,20.7059752,-103.3478231,Zapopan,Jalisco,0294933342,gold,150,CEDI-11
Soriana,Soriana,,32.6396416,-115.4513356,Mexicali,Baja California,0640085369,silver,150,CEDI-04
Soriana,Soriana,,27.0610546,-109.440554,Navojoa,Sonora,0227687077,silver,150,CEDI-06
Soriana,Soriana,,25.6883421,-100.255616,Guadalupe,Nuevo Leon,0880464805,silver,150,CEDI-02
Soriana,Soriana,,24.8165681,-107.3644829,Culiacan,Sinaloa,0407199784,silver,150,CEDI-12
MEGA Soriana,Soriana,,22.7615117,-102.5473902,Guadalupe,Zacatecas,0631284809,bronze,150,CEDI-05
Soriana Híper,Soriana,,22.2989134,-97.8761346,Tampico,Tamaulipas,0150252928,bronze,150,CEDI-13
Soriana Mercado,Soriana,,28.1845791,-105.483959,Ciudad Delicias,Chihuahua,0081635518,bronze,150,CEDI-08
MEGA Soriana,Soriana,,19.4643767,-99.0564684,Venustiano Carranza,Mexico City,0141417719,bronze,150,CEDI-10
Soriana,Soriana,,19.3848539,-99.0746673,Iztacalco,Mexico City,0980900046,bronze,150,CEDI-10
Soriana,Soriana,,24.0309923,-104.6482578,Victoria de Durango,Durango,0633687675,gold,150,CEDI-05
MEGA Soriana,Soriana,Mo-Su 08:00-22:00,21.0198148,-101.2599534,Guanajuato,Guanajuato,0213637121,silver,150,CEDI-07
Soriana,Soriana,,20.6757945,-101.3401184,Irapuato,Guanajuato,0300966697,bronze,150,CEDI-07
Soriana Híper,Soriana,,32.6218173,-115.4780813,Mexicali,Baja California,0585511997,bronze,150,CEDI-04
MEGA Soriana,Soriana,,17.9692972,-92.9710724,Villahermosa,Tabasco,0546403836,silver,150,CEDI-09
MEGA Soriana,Soriana,,17.9723372,-92.9236657,Villahermosa,Tabasco,0908029114,gold,150,CEDI-09
Soriana,Soriana,,21.9672015,-99.0000574,Ciudad Valles,San Luis Potosi,0448848708,silver,150,CEDI-13
MEGA Soriana,Soriana,,18.9329037,-99.2324104,Cuernavaca,Morelos,0652377980,silver,150,CEDI-10
MEGA Soriana,Soriana,,25.6639416,-100.3840816,Garza Garcia,Nuevo Leon,0853464009,silver,150,CEDI-02
Soriana,Soriana,,20.5320379,-100.8378572,Celaya,Guanajuato,0150144121,gold,150,CEDI-07
Soriana,Soriana,Mo-Su 07:00-22:00,20.6154121,-100.4046084,Santiago de Queretaro,Queretaro,0185359225,bronze,150,CEDI-07
Soriana,Soriana,,32.483201,-114.7794048,San Luis,Arizona,0250655686,bronze,150,CEDI-04
Soriana,Soriana,,19.5512938,-99.0183372,Colonia el Salado,Mexico,0751394789,gold,150,CEDI-10
Soriana,Soriana,,23.2397944,-106.4426538,Mazatlan,Sinaloa,0069232380,gold,150,CEDI-05
Soriana,Soriana,,25.7584904,-103.0017615,San Pedro de Las Colonias,Coahuila,0464288890,silver,150,CEDI-05
MEGA Soriana,Soriana,,21.1488501,-86.8361877,Cancun,Quintana Roo,0260299943,silver,150,CEDI-01
Soriana Súper,Soriana,,32.4496037,-114.7811299,San Luis Rio Colorado,Sonora,0445912307,silver,150,CEDI-04
MEGA Soriana,Soriana,,31.7353561,-106.4274594,Ciudad Juarez,Chihuahua,0935374260,silver,150,CEDI-08
Soriana Híper,Soriana,,25.5149516,-103.4159025,Torreon,Coahuila,0709135330,bronze,150,CEDI-05
Soriana,Soriana,,32.4641376,-114.7527303,San Luis Rio Colorado,Sonora,0041847392,silver,150,CEDI-04
MEGA Soriana,Soriana,,19.410555,-98.9260343,Santa Martha,Mexico,0134583808,bronze,150,CEDI-10
Soriana,Soriana,,19.4294268,-98.9604163,Santa Maria Chimalhuacan,Mexico,0847805445,bronze,150,CEDI-10
Soriana,Soriana,"Mo-Su,PH 08:00-22:00",19.3950186,-98.9715633,Poligonos,Mexico,0358152855,bronze,150,CEDI-10
Soriana,Soriana,,29.082692,-110.9812965,Hermosillo,Sonora,0028477530,silver,150,CEDI-06
Soriana Express Tizimín,Soriana,,21.1405521,-88.1479927,Tizimin,Yucatan,0447275676,silver,150,CEDI-01
Soriana,Soriana,Mo-Su 08:00-23:00,18.1441883,-94.4294244,Coatzacoalcos,Veracruz,0157868730,bronze,150,CEDI-09
Soriana,Soriana,,20.126214,-98.7580127,Pachuca de Soto,Hidalgo,0725296492,bronze,150,CEDI-10
Soriana,Soriana,,20.0545855,-98.7827492,La Colonia,Hidalgo,0119980723,gold,150,CEDI-10
Soriana,Soriana,,18.1421663,-92.8637227,Macultepec,Tabasco,0145185043,bronze,150,CEDI-09
MEGA Soriana,Soriana,,28.7381623,-106.1328444,Chihuahua,Chihuahua,0599380866,bronze,150,CEDI-08
Soriana,Soriana,,19.4708517,-99.171036,Azcapotzalco,Mexico City,0145336381,gold,150,CEDI-10
MEGA Soriana,Soriana,,18.9998539,-98.2301974,Puebla,Puebla,0984338393,silver,150,CEDI-10
MEGA Soriana,Soriana,,28.7051679,-106.1292695,Chihuahua,Chihuahua,0966421335,gold,150,CEDI-08
Soriana,Soriana,,25.6669435,-100.4593459,Santa Catarina,Nuevo Leon,0095334913,silver,150,CEDI-02
Soriana,Soriana,,19.042836,-98.1641778,Puebla,Puebla,0741640959,gold,150,CEDI-10
Soriana,Soriana,,24.0086025,-104.6641332,Victoria de Durango,Durango,0828492890,bronze,150,CEDI-05
Soriana,Soriana,,28.6407355,-106.1025787,Chihuahua,Chihuahua,0962581229,silver,150,CEDI-08
Soriana,Soriana,,28.6288894,-106.1218706,Chihuahua,Chihuahua,0989052529,bronze,150,CEDI-08
Soriana Express,Soriana,Mo-Su 08:00-21:00,20.5451143,-104.045935,Ameca,Jalisco,0874254177,bronze,150,CEDI-11
Soriana,Soriana,,20.5649165,-100.3748313,Santiago de Queretaro,Queretaro,0498769460,bronze,150,CEDI-07
Soriana,Soriana,,25.7037299,-100.163214,Loma la Paz,Nuevo Leon,0684319144,bronze,150,CEDI-02
MEGA Soriana,Soriana,,28.6606619,-106.0944133,Chihuahua,Chihuahua,0331184265,silver,150,CEDI-08
MEGA Soriana,Soriana,,31.6491779,-106.3905288,Socorro,Texas,0433604639,silver,150,CEDI-08
Soriana,Soriana,,25.5767188,-100.001495,Cadereyta,Nuevo Leon,0933051522,silver,150,CEDI-02
Soriana,Soriana,,21.2774436,-89.6618373,Progreso de Castro,Yucatan,0579882424,gold,150,CEDI-01
MEGA Soriana,Soriana,,19.2865297,-99.653556,Toluca,Mexico,0299710300,silver,150,CEDI-10
Soriana,Soriana,Mo-Su 07:00-22:00,32.4359712,-117.0420317,Porticos de San Antonio,Baja California,0934128980,silver,150,CEDI-04
Soriana,Soriana,,21.4714314,-101.2157217,San Felipe,Guanajuato,0752908264,bronze,150,CEDI-07
Soriana,Soriana,,21.9166216,-102.2907426,Aguascalientes,Aguascalientes,0991447718,silver,150,CEDI-07
MEGA Soriana,Soriana,,19.7972428,-99.1062048,Zumpango,Mexico,0074787191,silver,150,CEDI-10
Soriana,Soriana,,20.4481589,-97.3110274,Papantla de Olarte,Veracruz,0300988062,silver,150,CEDI-13
Soriana,Soriana,,31.8660857,-116.6590815,El Sauzal,Baja California,0799220769,bronze,150,CEDI-04
Soriana Híper,Soriana,,25.7428702,-100.1753308,Apodaca,Nuevo Leon,0716474896,silver,150,CEDI-02
MEGA Soriana,Soriana,,18.897337,-99.1673052,Jiutepec,Morelos,0763421606,bronze,150,CEDI-10
Soriana,Soriana,,31.815409,-116.5960616,Ensenada,Baja California,0520558296,bronze,150,CEDI-04
Soriana Súper,Soriana,,21.1157409,-86.8808313,Alfredo V. Bonfil,Quintana Roo,0828800568,gold,150,CEDI-01
MEGA Soriana,Soriana,,19.646644,-99.2062429,Cuautitlan Izcalli,Mexico,0149458234,gold,150,CEDI-10
MEGA Soriana,Soriana,,19.2875718,-99.6883368,San Buenaventura,Mexico,0839162021,silver,150,CEDI-10
Soriana Súper,Soriana,,22.1252937,-101.0197405,San Luis Potosi,San Luis Potosi,0163123957,silver,150,CEDI-07
MEGA Soriana,Soriana,,19.4088716,-99.1843333,Polanco,Mexico City,0312791962,silver,150,CEDI-10
Soriana,Soriana,,18.9168013,-99.2377011,Cuernavaca,Morelos,0952855199,bronze,150,CEDI-10
SORIANA Mercado Express,Soriana,Mo-Su 8:00-22:00,20.691207,-88.2078298,Valladolid,Yucatan,0060033670,gold,150,CEDI-01
Soriana,Soriana,,25.6829608,-100.2996318,Monterrey,Nuevo Leon,0777153351,bronze,150,CEDI-02
Soriana,Soriana,,25.6804237,-100.2512037,Guadalupe,Nuevo Leon,0390978212,silver,150,CEDI-02
Soriana Híper,Soriana,,19.2725922,-103.7374702,Ciudad de Villa de Alvarez,Colima,0971987177,bronze,150,CEDI-11
Soriana,Soriana,,20.559433,-103.3646993,Altus Bosques,Jalisco,0146903083,bronze,150,CEDI-11
MEGA Soriana,Soriana,,20.6471168,-103.3190896,Tlaquepaque,Jalisco,0218200596,bronze,150,CEDI-11
Soriana Híper,Soriana,,20.9978808,-89.6227319,Merida,Yucatan,0168674434,gold,150,CEDI-01
MEGA Soriana,Soriana,,28.6441919,-106.0131014,Chihuahua,Chihuahua,0711321018,silver,150,CEDI-08
Soriana,Soriana,,25.5939069,-103.5035673,Gomez Palacio,Durango,0865799997,silver,150,CEDI-05
Soriana,Soriana,,18.2531132,-93.2320975,Comalcalco,Tabasco,0571895218,bronze,150,CEDI-09
Soriana,Soriana,,25.7075168,-100.285561,San Nicolas de los Garza,Nuevo Leon,0356815436,silver,150,CEDI-02
Soriana,Soriana,,16.4439225,-95.0265706,Juchitan de Zaragoza,Oaxaca,0560617521,gold,150,CEDI-09
Soriana,Soriana,,32.5144643,-116.8908731,Terrazas del Valle,Baja California,0583443042,bronze,150,CEDI-04
Soriana,Soriana,,32.5141282,-116.8875924,Terrazas del Valle,Baja California,0665416041,silver,150,CEDI-04
MEGA Soriana,Soriana,,19.4017371,-99.1588135,Benito Juarez,Mexico City,0338855802,silver,150,CEDI-10
Soriana,Soriana,,25.6606338,-100.2961813,Monterrey,Nuevo Leon,0472823206,silver,150,CEDI-02
Soriana,Soriana,,25.7146103,-100.3481448,Monterrey,Nuevo Leon,0298630933,silver,150,CEDI-02
Soriana express,Soriana,,22.9925406,-105.8611992,El Pozole,Sinaloa,0367343836,bronze,150,CEDI-05
Soriana Súper,Soriana,,26.0855458,-98.2715856,Hidalgo,Texas,0605043282,gold,150,CEDI-02
Soriana Híper,Soriana,Mo-Su 07:00-23:00,18.8834477,-96.9215419,Cordoba,Veracruz,0713099275,silver,150,CEDI-03
Soriana,Soriana,,19.5036866,-98.8803269,Texcoco de Mora,Mexico,0606647655,bronze,150,CEDI-10
MEGA Soriana,Soriana,,25.6750107,-100.4302462,Santa Catarina,Nuevo Leon,0346239966,bronze,150,CEDI-02
Soriana,Soriana,,25.6859283,-100.3194548,Monterrey,Nuevo Leon,0188772448,silver,150,CEDI-02
Soriana,Soriana,,19.334286,-99.0753203,Iztapalapa,Mexico City,0344334240,bronze,150,CEDI-10
Soriana,Soriana,,19.3494733,-99.0742166,Iztapalapa,Mexico City,0676328880,bronze,150,CEDI-10
Soriana Súper,Soriana,,21.3466641,-97.6875386,Naranjos,Veracruz,0016249789,bronze,150,CEDI-13
Soriana,Soriana,,25.726235,-100.3650728,San Nicolas de los Garza,Nuevo Leon,0644490725,bronze,150,CEDI-02
Soriana,Soriana,,25.7319748,-100.347623,San Nicolas de los Garza,Nuevo Leon,0199324945,silver,150,CEDI-02
Soriana Mercado,Soriana,,19.7258983,-101.1981947,Real Hacienda (Metropolis),Michoacan,0998461166,gold,150,CEDI-07
Soriana Híper,Soriana,,19.4269865,-102.0259305,Toreo Bajo (El Toreo Bajo),Michoacan,0402286755,silver,150,CEDI-07
Soriana,Soriana,,25.7537374,-100.2661666,San Nicolas de los Garza,Nuevo Leon,0776974951,gold,150,CEDI-02
Soriana Express,Soriana,,20.4739066,-103.4419466,Tlajomulco de Zuniga,Jalisco,0237372545,silver,150,CEDI-11
Soriana,Soriana,,18.3514976,-99.5276524,Iguala de la Independencia,Guerrero,0248242547,bronze,150,CEDI-10
Soriana Híper,Soriana,,31.2903946,-110.9462138,Nogales,Sonora,0365513547,silver,150,CEDI-06
Soriana,Soriana,,27.4849051,-109.959222,Ciudad Obregon,Sonora,0739729958,bronze,150,CEDI-06
Soriana Express,Soriana,,21.4260708,-102.577453,Teocaltiche,Jalisco,0674382326,silver,150,CEDI-07
Soriana Express,Soriana,,20.5943297,-103.3344532,Las Pintas de Arriba,Jalisco,0162240816,bronze,150,CEDI-11
Soriana,Soriana,,25.6413608,-100.1816465,Jardines de la Silla (Jardines),Nuevo Leon,0809700621,silver,150,CEDI-02
Soriana,Soriana,,20.6594002,-103.3981929,Guadalajara,Jalisco,0227561974,silver,150,CEDI-11
MEGA Soriana,Soriana,,19.4513223,-99.1637908,Cuauhtemoc,Mexico City,0841126352,bronze,150,CEDI-10
MEGA Soriana,Soriana,,19.4511693,-99.1636477,Cuauhtemoc,Mexico City,0775040527,gold,150,CEDI-10
Soriana Híper,Soriana,,25.8698546,-97.4851357,Heroica Matamoros,Tamaulipas,0051510707,silver,150,CEDI-02
Soriana,Soriana,,25.8788911,-97.5220402,Heroica Matamoros,Tamaulipas,0553493099,gold,150,CEDI-02
Soriana Express Tecomán,Soriana,,18.9246768,-103.8843582,Tecoman,Colima,0634838889,bronze,150,CEDI-11
Soriana,Soriana,,23.630998,-103.6419672,Sombrerete,Zacatecas,0950235605,bronze,150,CEDI-05
Soriana,Soriana,,32.5287083,-116.978469,Tijuana,Baja California,0201432024,bronze,150,CEDI-04
Soriana,Soriana,,25.8038282,-100.3425017,General Escobedo,Nuevo Leon,0731086418,gold,150,CEDI-02
MEGA Soriana,Soriana,,19.4076741,-99.1325314,Mexico City,Mexico City,0074694055,bronze,150,CEDI-10
Soriana Mercado,Soriana,,18.8994497,-98.4330315,Atlixco,Puebla,0494748520,gold,150,CEDI-10
MEGA Soriana,Soriana,,19.2036967,-100.1334226,Valle de Bravo,Mexico,0776700060,bronze,150,CEDI-10
Soriana,Soriana,,20.6391495,-87.0708227,Playa del Carmen,Quintana Roo,0215285748,silver,150,CEDI-01
Soriana,Soriana,,25.6555358,-100.3844286,Garza Garcia,Nuevo Leon,0111930915,bronze,150,CEDI-02
Soriana,Soriana,,19.6055151,-99.2283231,Ciudad Lopez Mateos,Mexico,0970419305,silver,150,CEDI-10
MEGA Soriana,Soriana,,19.3603082,-99.1238814,Colonia Nativitas,Mexico City,0823918150,gold,150,CEDI-10
Soriana,Soriana,Mo-Su 08:00-23:00,27.4571032,-99.5134704,Nuevo Laredo,Tamaulipas,0742793569,gold,150,CEDI-02
MEGA Soriana,Soriana,Mo-Su 08:00-22:00,19.4045882,-99.0679357,Iztacalco,Mexico City,0671299008,bronze,150,CEDI-10
Soriana Híper,Soriana,,19.6883454,-101.1866674,Morelia,Michoacan,0842435531,bronze,150,CEDI-07
MEGA Soriana,Soriana,,19.5124662,-98.8834487,Texcoco de Mora,Mexico,0143376743,silver,150,CEDI-10
Soriana Súper,Soriana,Mo-Su 08:00-22:00,18.8621399,-97.1075053,Orizaba,Veracruz,0050774003,bronze,150,CEDI-03
Soriana,Soriana,,19.179984,-96.1550468,Veracruz,Veracruz,0872522235,silver,150,CEDI-03
Soriana,Soriana,,20.5521386,-100.8262187,Celaya,Guanajuato,0689263310,gold,150,CEDI-07
Soriana,Soriana,,20.5206501,-100.8291449,Celaya,Guanajuato,0534735953,silver,150,CEDI-07
MEGA Soriana,Soriana,,16.728975,-92.6582717,San Cristobal de las Casas,Chiapas,0472680981,gold,150,CEDI-09
MEGA Soriana,Soriana,,29.5497353,-104.4228677,Manuel Ojinaga,Chihuahua,0868774858,silver,150,CEDI-08
Soriana,Soriana,,25.4438238,-100.9616827,Saltillo,Coahuila,0233045288,bronze,150,CEDI-02
MEGA Soriana,Soriana,,19.3431759,-99.1071334,Iztapalapa,Mexico City,0191952433,gold,150,CEDI-10
MEGA Soriana,Soriana,,32.5306759,-117.0105449,Tijuana,Baja California,0136440606,silver,150,CEDI-04
Soriana,Soriana,,20.9475752,-97.3856953,La Victoria (La Penita),Veracruz,0307888562,silver,150,CEDI-13
Soriana,Soriana,"Mo-Su,PH 09:00-22:00",25.7341591,-100.1989359,Apodaca,Nuevo Leon,0034948850,bronze,150,CEDI-02
Soriana,Soriana,,25.7800735,-100.2856991,General Escobedo,Nuevo Leon,0739559827,silver,150,CEDI-02
MEGA Soriana,Soriana,,28.1897719,-105.4595687,Ciudad Delicias,Chihuahua,0730492020,silver,150,CEDI-08
Soriana,Soriana,,21.1549058,-86.8900264,Cancun,Quintana Roo,0864823889,silver,150,CEDI-01
Soriana,Soriana,,19.6191447,-99.0280956,Santo Tomas Chiconautla,Mexico,0356263763,silver,150,CEDI-10
Soriana,Soriana,,19.8270457,-90.5525252,Campeche,Campeche,0228545638,silver,150,CEDI-01
MEGA Soriana,Soriana,,28.6212638,-106.0492372,Chihuahua,Chihuahua,0905601112,silver,150,CEDI-08
Soriana Express,Soriana,,19.8605089,-90.4922816,Campeche,Campeche,0717750167,bronze,150,CEDI-01
Soriana,Soriana,,20.667132,-103.3598767,Guadalajara,Jalisco,0882607882,gold,150,CEDI-11
Soriana Mercado,Soriana,,25.9161616,-100.1898731,Villas de Alcala,Nuevo Leon,0169522228,gold,150,CEDI-02
Soriana Híper,Soriana,,19.3674819,-99.0048877,Los Reyes La Paz,Mexico,0170809885,silver,150,CEDI-10
Soriana Mercado,Soriana,Mo-Su 07:00-22:00,18.8462026,-97.1040881,Orizaba,Veracruz,0382674648,gold,150,CEDI-03
Soriana,Soriana,,31.8589119,-116.6053241,Ensenada,Baja California,0777657191,gold,150,CEDI-04
Soriana,Soriana,,23.1848107,-102.8627005,Fresnillo,Zacatecas,0495063191,bronze,150,CEDI-05
Soriana,Soriana,,23.8292634,-103.0413466,Rio Grande,Zacatecas,0778992178,silver,150,CEDI-05
Soriana,Soriana,,20.0599769,-97.0629369,Martinez de la Torre,Veracruz,0479222304,bronze,150,CEDI-03
Soriana,Soriana,,29.1236396,-110.9521012,Hermosillo,Sonora,0026938928,silver,150,CEDI-06
Soriana Mercado,Soriana,,19.0895285,-96.152518,Fraccionamiento Arboledas San Ramon,Veracruz,0765064741,silver,150,CEDI-03
Soriana,Soriana,,25.7794192,-100.4083274,Mitras Poniente,Nuevo Leon,0021115551,bronze,150,CEDI-02
MEGA Soriana,Soriana,,31.7230885,-106.4710497,Ciudad Juarez,Chihuahua,0832659006,gold,150,CEDI-08
Soriana Mercado,Soriana,,22.1668331,-100.9766844,San Luis Potosi,San Luis Potosi,0997954540,silver,150,CEDI-07
Soriana,Soriana,,20.2760897,-98.9526549,Actopan,Hidalgo,0866734798,gold,150,CEDI-10
Soriana Express Caborca,Soriana,,30.7151127,-112.1486614,Heroica Caborca,Sonora,0422361991,silver,150,CEDI-06
MEGA Soriana,Soriana,,25.6582787,-100.3668273,Garza Garcia,Nuevo Leon,0559143516,gold,150,CEDI-02
Soriana Express,Soriana,,19.8100933,-101.781706,Zacapu,Michoacan,0474098534,bronze,150,CEDI-07
Soriana Híper,Soriana,,21.8964875,-102.3107161,Aguascalientes,Aguascalientes,0086830431,gold,150,CEDI-07
Soriana,Soriana,,28.6670256,-106.1277641,Chihuahua,Chihuahua,0136774400,silver,150,CEDI-08
Soriana,Soriana,,32.4713937,-116.9501927,San Luis,Baja California,0374714261,gold,150,CEDI-04
Soriana,Soriana,,17.9868938,-94.5504625,Minatitlan,Veracruz,0851130596,silver,150,CEDI-09
Soriana,Soriana,,25.7955523,-100.5827832,Garcia,Nuevo Leon,0736659645,silver,150,CEDI-02
Soriana,Soriana,,19.3285481,-99.1536603,Coyoacan,Mexico City,0281741408,silver,150,CEDI-10
Soriana,Soriana,,32.4643524,-116.9315202,San Luis,Baja California,0751702946,silver,150,CEDI-04
Soriana,Soriana,,17.5269135,-99.4946742,Chilpancingo de los Bravos,Guerrero,0675318224,silver,150,CEDI-10
Soriana,Soriana,,19.6327327,-99.0335392,Santo Tomas Chiconautla,Mexico,0751412406,gold,150,CEDI-10
MEGA Soriana,Soriana,,17.543262,-99.5032656,Chilpancingo de los Bravos,Guerrero,0625066986,bronze,150,CEDI-10
Soriana,Soriana,,22.3960751,-97.932133,Altamira,Tamaulipas,0723824327,bronze,150,CEDI-13
Soriana,Soriana,,25.6554893,-100.1204547,Hector Caballero,Nuevo Leon,0808710054,bronze,150,CEDI-02
Soriana,Soriana,,18.2653434,-93.2198624,Comalcalco,Tabasco,0463042161,bronze,150,CEDI-09
Soriana,Soriana,,18.2742443,-93.2198741,Comalcalco,Tabasco,0224316287,gold,150,CEDI-09
Soriana,Soriana,,18.1764299,-93.0731691,Jalpa de Mendez,Tabasco,0824691114,gold,150,CEDI-09
Soriana Express,Soriana,,20.7476851,-105.2553013,San Clemente de Lima,Nayarit,0802530883,bronze,150,CEDI-11
Soriana,Soriana,,31.8500752,-116.6063045,Ensenada,Baja California,0436381955,gold,150,CEDI-04
Soriana,Soriana,,32.5004803,-116.8981463,Terrazas del Valle,Baja California,0634139184,silver,150,CEDI-04
Soriana,Soriana,,16.8511993,-99.8541149,Acapulco de Juarez,Guerrero,0315978113,gold,150,CEDI-10
Soriana,Soriana,,19.617961,-99.3066346,Nicolas Romero,Mexico,0862131955,silver,150,CEDI-10
Soriana,Soriana,,25.8924423,-100.2612026,Emiliano Zapata,Nuevo Leon,0081495008,silver,150,CEDI-02
Soriana,Soriana,,19.4020536,-98.9870217,Poligonos,Mexico,0602076780,silver,150,CEDI-10
Soriana,Soriana,,25.642896,-100.0892881,Juarez,Nuevo Leon,0001714196,gold,150,CEDI-02
MEGA Soriana,Soriana,,26.0716632,-98.3220235,Reynosa,Tamaulipas,0253981543,gold,150,CEDI-02
Soriana,Soriana,,19.6311299,-99.1192093,Coacalco,Mexico,0994865484,silver,150,CEDI-10
Soriana Híper,Soriana,,24.117409,-110.3361255,La Paz,Baja California Sur,0312408666,bronze,150,CEDI-12
Soriana Express,Soriana,Mo-Su 08:00-22:00,19.8837249,-103.5931089,Sayula,Jalisco,0478417679,gold,150,CEDI-11
Soriana,Soriana,,20.7489501,-105.3120565,Bucerias,Nayarit,0763816084,silver,150,CEDI-11
Soriana Mercado,Soriana,,20.3542742,-102.7818465,Ocotlan,Jalisco,0858788888,silver,150,CEDI-11
Soriana Express,Soriana,,19.6310272,-103.4211566,Zapotiltic,Jalisco,0966385347,silver,150,CEDI-11
Soriana Mercado,Soriana,,19.9724888,-102.2933667,Zamora,Michoacan,0432272232,gold,150,CEDI-07
Soriana Súper,Soriana,,20.6351334,-103.399341,Guadalajara,Jalisco,0899429357,silver,150,CEDI-11
Soriana,Soriana,,14.9866399,-92.1608359,Cacahoatan,Chiapas,0673148753,silver,150,CEDI-09
Soriana,Soriana,,25.5128356,-103.3952934,Torreon,Coahuila,0842797191,silver,150,CEDI-05
Soriana Híper,Soriana,,20.7158158,-103.321056,Zapopan,Jalisco,0067051749,bronze,150,CEDI-11
Soriana,Soriana,,22.0019836,-99.0083007,Ciudad Valles,San Luis Potosi,0525594352,gold,150,CEDI-13
Soriana Mercado,Soriana,,24.8492125,-99.5701429,Linares,Nuevo Leon,0905732404,silver,150,CEDI-02
Soriana,Soriana,Mo-Su 07:00-22:00,26.0880716,-98.3018987,Reynosa,Tamaulipas,0572770359,gold,150,CEDI-02
Soriana,Soriana,,19.6597968,-99.0813723,Alborada Jaltenco,Mexico,0472865556,gold,150,CEDI-10
Soriana,Soriana,,14.8916636,-92.2764016,Tapachula,Chiapas,0409689906,bronze,150,CEDI-09
Soriana,Soriana,,21.0926272,-89.2840494,Motul,Yucatan,0512745647,gold,150,CEDI-01
Soriana,Soriana,,20.5480213,-97.4499292,Poza Rica de Hidalgo,Veracruz,0722794535,gold,150,CEDI-13
Soriana,Soriana,,19.1924559,-96.1390677,Veracruz,Veracruz,0085533990,silver,150,CEDI-03
Soriana,Soriana,,18.451962,-95.2267482,San Andres Tuxtla,Veracruz,0171224790,bronze,150,CEDI-03
Soriana,Soriana,,20.495734,-97.4711915,Coatzintla,Veracruz,0601424715,gold,150,CEDI-13
Soriana,Soriana,,17.9397943,-94.9106489,Acayucan,Veracruz,0309274494,silver,150,CEDI-09
Soriana Mercado,Soriana,,19.2428035,-103.7369796,Colima,Colima,0530438365,bronze,150,CEDI-11
Soriana,Soriana,,26.3989069,-99.0291239,Ciudad Miguel Aleman,Tamaulipas,0967676849,bronze,150,CEDI-02
Soriana Híper,Soriana,,25.5334559,-103.4067948,Torreon,Coahuila,0405833775,bronze,150,CEDI-05
Soriana,Soriana,,29.0240025,-110.9462103,Hermosillo,Sonora,0875078377,bronze,150,CEDI-06
MEGA Soriana,Soriana,,29.0348971,-110.9380502,Hermosillo,Sonora,0430367619,gold,150,CEDI-06
Soriana Súper,Soriana,,18.6338882,-95.5230658,Lerdo de Tejada,Veracruz,0603893620,silver,150,CEDI-03
Soriana Súper,Soriana,,18.4236978,-95.1203563,Catemaco,Veracruz,0289835917,bronze,150,CEDI-03
Soriana Súper,Soriana,,18.9910103,-97.4471218,Ciudad Serdan,Puebla,0351558361,bronze,150,CEDI-03
Soriana Súper,Soriana,,32.6389979,-115.3844775,Islas Agrarias Grupo A,Baja California,0316917003,silver,150,CEDI-04
Soriana Súper,Soriana,,20.9450856,-89.6304379,Merida,Yucatan,0533806984,silver,150,CEDI-01
Soriana Híper,Soriana,,20.9722842,-89.6643619,Merida,Yucatan,0146435553,bronze,150,CEDI-01
Soriana Súper,Soriana,,19.934047,-96.8501007,Misantla,Veracruz,0931985100,gold,150,CEDI-03
Soriana Híper,Soriana,,21.0295562,-89.6233353,Merida,Yucatan,0799345411,silver,150,CEDI-01
Soriana Súper,Soriana,,20.6759857,-103.3976263,Guadalajara,Jalisco,0649860189,silver,150,CEDI-11
Soriana Express,Soriana,,19.3384573,-90.7271102,Champoton,Campeche,0544679567,gold,150,CEDI-01
Soriana Híper,Soriana,Mo-Su 07:00-18:00,15.7708647,-96.1409627,Crucecita,Oaxaca,0438623283,gold,150,CEDI-09
MEGA Soriana,Soriana,,19.4555986,-99.1372254,Cuauhtemoc,Mexico City,0996367161,bronze,150,CEDI-10
MEGA Soriana,Soriana,,19.3438858,-99.0283609,Iztapalapa,Mexico City,0062608153,gold,150,CEDI-10
Soriana Híper,Soriana,24/7,20.7068698,-105.2723471,Las Jarretaderas,Nayarit,0760476761,bronze,150,CEDI-11
Soriana Híper,Soriana,,23.2371997,-106.4208897,Mazatlan,Sinaloa,0079112239,gold,150,CEDI-05
Soriana Híper,Soriana,,19.503848,-99.2044355,Vista Hermosa,Mexico,0864957673,bronze,150,CEDI-10
MEGA Soriana,Soriana,,27.8790334,-101.5154513,Melchor Muzquiz,Coahuila,0267314928,silver,150,CEDI-02
MEGA Soriana,Soriana,,28.6387139,-106.079212,Chihuahua,Chihuahua,0727316749,bronze,150,CEDI-08
Soriana Híper,Soriana,,24.1250654,-110.3133258,La Paz,Baja California Sur,0257565591,bronze,150,CEDI-12
Soriana Súper,Soriana,,19.2719954,-99.471818,Ocoyoacac,Morelos,0549873204,silver,150,CEDI-10
Soriana Súper,Soriana,,20.9939878,-89.6522443,Merida,Yucatan,0566871808,silver,150,CEDI-01
MEGA Soriana,Soriana,,31.5974157,-106.3077328,San Elizario,Texas,0445134062,silver,150,CEDI-08
Soriana Híper,Soriana,Mo-Su 10:00-22:00,20.9909026,-89.6623718,Caucel,Yucatan,0547649228,silver,150,CEDI-01
Chedraui,Chedraui,,19.3039413,-99.1184067,Xochimilco,Mexico City,0553963440,bronze,150,CEDI-10
Chedraui,Chedraui,,21.153574,-86.8412431,Cancun,Quintana Roo,0804622913,gold,150,CEDI-01
Chedraui,Chedraui,,18.1396087,-94.4653294,Coatzacoalcos,Veracruz,0024406332,silver,150,CEDI-09
Chedraui,Chedraui,,18.1474435,-94.4348042,Coatzacoalcos,Veracruz,0957353406,bronze,150,CEDI-09
Chedraui,Chedraui,,19.0704537,-98.2058176,Puebla,Puebla,0294467034,gold,150,CEDI-10
Chedraui,Chedraui,,18.6423821,-91.8213365,Ciudad del Carmen,Campeche,0661666984,silver,150,CEDI-09
Chedraui,Chedraui,Mo-Su 07:00-23:00,17.0783866,-96.7086453,Oaxaca de Juarez,Oaxaca,0962037110,gold,150,CEDI-03
Chedraui,Chedraui,Mo-Su 07:00-23:00,19.5277841,-96.9340971,Xalapa de Enriquez,Veracruz,0606794252,gold,150,CEDI-03
Chedraui,Chedraui,,19.5285624,-96.9218898,Xalapa de Enriquez,Veracruz,0535464873,silver,150,CEDI-03
Chedraui,Chedraui,,19.5381487,-96.9066077,Xalapa de Enriquez,Veracruz,0790979526,bronze,150,CEDI-03
Chedraui,Chedraui,,16.7502858,-93.0929412,Tuxtla Gutierrez,Chiapas,0248007778,bronze,150,CEDI-09
Chedraui,Chedraui,,18.9209607,-99.1977917,Loma Bonita,Morelos,0107376926,bronze,150,CEDI-10
Chedraui,Chedraui,"Mo-Su,PH 07:00-22:00",20.211595,-87.4496381,Tulum,Quintana Roo,0226419240,silver,150,CEDI-01
Chedraui,Chedraui,,21.1580146,-86.8260217,Cancun,Quintana Roo,0281583237,bronze,150,CEDI-01
Chedraui,Chedraui,,19.5293699,-99.1573554,Tlalnepantla,Mexico,0602652171,bronze,150,CEDI-10
Chedraui,Chedraui,,20.5482897,-97.4512231,Poza Rica de Hidalgo,Veracruz,0532368637,bronze,150,CEDI-13
Chedraui,Chedraui,,18.0918292,-96.1309293,Tuxtepec,Oaxaca,0427917940,gold,150,CEDI-03
Chedraui,Chedraui,,19.2586396,-99.6283644,San Jorge Pueblo Nuevo,Mexico,0885870285,bronze,150,CEDI-10
Chedraui,Chedraui,Mo-Su 07:00-24:00,15.8626046,-97.0673158,Puerto Escondido,Oaxaca,0389026090,silver,150,CEDI-03
Chedraui,Chedraui,"Mo-Su,PH 07:00-23:00",20.625147,-87.0845022,Playa del Carmen,Quintana Roo,0217318395,silver,150,CEDI-01
Chedraui,Chedraui,,24.01166,-104.6609602,Victoria de Durango,Durango,0768499424,bronze,150,CEDI-05
Chedraui,Chedraui,,20.6169069,-100.4086535,Sergio Villasenor,Queretaro,0233173829,bronze,150,CEDI-07
Chedraui,Chedraui,,18.1068747,-95.8792993,Estacion Dobladero,Veracruz,0152454504,bronze,150,CEDI-03
Chedraui,Chedraui,,19.4691563,-99.1147041,Gustavo A. Madero,Mexico City,0654285539,bronze,150,CEDI-10
Chedraui,Chedraui,,21.4849424,-104.8759082,Tepic,Nayarit,0402175105,bronze,150,CEDI-11
Chedraui,Chedraui,,17.9558311,-94.9204146,Acayucan,Veracruz,0219832419,bronze,150,CEDI-09
Super Chedraui,Chedraui,,18.0766706,-94.4079459,Villa Nanchital,Veracruz,0561578926,silver,150,CEDI-09
Chedraui,Chedraui,,19.6792459,-101.2164442,Morelos,Michoacan,0681701793,silver,150,CEDI-07
Chedraui,Chedraui,,19.0494321,-98.1704878,Puebla,Puebla,0284712459,silver,150,CEDI-10
Chedraui,Chedraui,,21.993248,-99.021231,Ciudad Valles,San Luis Potosi,0387430712,bronze,150,CEDI-13
Chedraui,Chedraui,,19.48248,-99.0358475,Colonia Gustavo Baz Prada,Mexico,0073186073,bronze,150,CEDI-10
Chedraui,Chedraui,,19.8072298,-97.3662678,Teziutlan,Puebla,0243762581,silver,150,CEDI-03
Chedraui,Chedraui,,19.3101737,-99.6359662,Toluca,Mexico,0087376991,gold,150,CEDI-10
Super Chedraui,Chedraui,,21.2870434,-89.6630928,Progreso de Castro,Yucatan,0364330660,silver,150,CEDI-01
Chedraui,Chedraui,,21.0050543,-89.6895444,Caucel,Yucatan,0178128250,gold,150,CEDI-01
Chedraui,Chedraui,,23.0965441,-109.708326,San Jose del Cabo,Baja California Sur,0476797143,gold,150,CEDI-12
Chedraui,Chedraui,,19.5478602,-96.9333317,Xalapa de Enriquez,Veracruz,0224051512,gold,150,CEDI-03
Chedraui,Chedraui,,24.0981428,-110.3276081,La Paz,Baja California Sur,0005377809,gold,150,CEDI-12
Chedraui,Chedraui,Mo-Su 07:00-23:00,20.9600393,-89.6405156,Merida,Yucatan,0728502451,bronze,150,CEDI-01
Super Chedraui,Chedraui,,17.5486655,-98.5740383,Tlapa de Comonfort,Guerrero,0961530892,silver,150,CEDI-10
Chedraui,Chedraui,,19.5374083,-96.9207854,Xalapa de Enriquez,Veracruz,0433382190,silver,150,CEDI-03
Chedraui,Chedraui,,14.8944379,-92.276085,Tapachula,Chiapas,0119426049,bronze,150,CEDI-09
Chedraui,Chedraui,,20.650691,-105.2418194,Puerto Vallarta,Jalisco,0072427109,gold,150,CEDI-11
Chedraui,Chedraui,,21.1651663,-86.8434506,Cancun,Quintana Roo,0432758888,silver,150,CEDI-01
Chedraui,Chedraui,,21.1490671,-86.873348,Cancun,Quintana Roo,0994428497,silver,150,CEDI-01
Chedraui,Chedraui,Mo-Su 07:00-23:00,17.0787845,-96.7418639,Oaxaca de Juarez,Oaxaca,0087175388,bronze,150,CEDI-03
Chedraui,Chedraui,07:00-23:00,18.4516231,-96.3531775,Rancho Grande,Oaxaca,0915898985,silver,150,CEDI-03
Chedraui,Chedraui,,19.6083837,-99.177642,Buenavista,Mexico,0242858082,bronze,150,CEDI-10
Chedraui,Chedraui,,19.0057747,-98.2669962,Tlazcalancingo,Puebla,0174487539,bronze,150,CEDI-10
Chedraui,Chedraui,,19.5627358,-96.9037329,Xalapa de Enriquez,Veracruz,0108661430,bronze,150,CEDI-03
Chedraui,Chedraui,,20.7355557,-103.3500196,Zapopan,Jalisco,0155739663,silver,150,CEDI-11
Super Che,Chedraui,Mo-Su 09:00-10:00,20.3994169,-89.5376698,Ticul,Yucatan,0194230737,silver,150,CEDI-01
Chedraui,Chedraui,,19.3590788,-99.063209,Iztapalapa,Mexico City,0239618595,bronze,150,CEDI-10
Chedraui,Chedraui,,17.9751294,-92.9632333,Villahermosa,Tabasco,0176780557,silver,150,CEDI-09
Chedraui,Chedraui,,20.5095454,-87.2249206,Playa del Carmen,Quintana Roo,0853806808,silver,150,CEDI-01
Super Chedraui,Chedraui,,17.9877402,-92.9149467,Villahermosa,Tabasco,0980096281,gold,150,CEDI-09
Chedraui,Chedraui,Mo-Su 07:00-23:00,17.9980423,-92.9216952,Villahermosa,Tabasco,0390649046,silver,150,CEDI-09
Chedraui,Chedraui,,18.5206612,-88.3209624,Chetumal,Quintana Roo,0759252742,bronze,150,CEDI-01
Chedraui,Chedraui,,24.1428894,-110.3310278,La Paz,Baja California Sur,0713665827,bronze,150,CEDI-12
Chedraui,Chedraui,Mo-Su 07:00-23:00,19.7096767,-101.1903935,Morelia,Michoacan,0431376459,bronze,150,CEDI-07
Chedraui,Chedraui,,20.0700873,-97.0648454,Martinez de la Torre,Veracruz,0732900279,silver,150,CEDI-03
Chedraui,Chedraui,,19.15993,-96.1333718,Veracruz,Veracruz,0233486035,silver,150,CEDI-03
Chedraui,Chedraui,,19.1906283,-96.1347212,Veracruz,Veracruz,0409258160,silver,150,CEDI-03
Chedraui,Chedraui,,19.3360235,-99.1584272,Coyoacan,Mexico City,0229813120,silver,150,CEDI-10
Chedraui,Chedraui,,18.463918,-97.3865746,Tehuacan,Puebla,0981952322,silver,150,CEDI-03
Super Che,Chedraui,"Mo-Su,PH 07:00-21:30",19.2040938,-100.1254622,Colonia Rincon Villa del Valle,Mexico,0251831076,silver,150,CEDI-10
Chedraui,Chedraui,,19.60369,-99.0127504,Colonia el Salado,Mexico,0651655731,gold,150,CEDI-10
Chedraui,Chedraui,,20.6823827,-103.433925,Guadalajara,Jalisco,0898740502,silver,150,CEDI-11
Chedraui,Chedraui,,17.9948013,-92.9442408,Villahermosa,Tabasco,0361519561,silver,150,CEDI-09
Chedraui,Chedraui,,24.0207226,-104.6463989,Victoria de Durango,Durango,0372190680,bronze,150,CEDI-05
Chedraui,Chedraui,,19.1757967,-96.1893534,Las Amapolas,Veracruz,0711889411,bronze,150,CEDI-03
Chedraui,Chedraui,,24.0463752,-104.6225793,Victoria de Durango,Durango,0333096775,bronze,150,CEDI-05
Chedraui,Chedraui,,18.1380624,-94.4999785,Centro de Readaptacion Social,Veracruz,0341162056,bronze,150,CEDI-09
Chedraui,Chedraui,,19.8489907,-90.4953698,Campeche,Campeche,0407168081,bronze,150,CEDI-01
Chedraui,Chedraui,,19.1704555,-96.1560725,Veracruz,Veracruz,0443629534,bronze,150,CEDI-03
Chedraui,Chedraui,,27.4844093,-99.5032731,Nuevo Laredo,Tamaulipas,0519990062,gold,150,CEDI-02
Chedraui,Chedraui,,19.1468678,-96.9674333,Huatusco de Chicuellar,Veracruz,0577606379,gold,150,CEDI-03
Chedraui,Chedraui,Mo-Su 07:00-22:00,18.8137518,-97.1686995,Ciudad Mendoza,Veracruz,0581134791,silver,150,CEDI-03
Chedraui,Chedraui,,23.0439138,-109.7077217,San Jose del Cabo,Baja California Sur,0713761864,silver,150,CEDI-12
Chedraui,Chedraui,Mo-Su 07:00-23:00,18.8896379,-96.9475647,Cordoba,Veracruz,0394208544,silver,150,CEDI-03
Chedraui,Chedraui,,18.893941,-96.9288657,Cordoba,Veracruz,0589665714,bronze,150,CEDI-03
Chedraui,Chedraui,,18.8371764,-99.2248126,Temixco,Morelos,0831670710,silver,150,CEDI-10
Chedraui,Chedraui,,20.0569746,-98.7769435,La Colonia,Hidalgo,0858915292,silver,150,CEDI-10
Chedraui,Chedraui,07:00-23:00,20.8466401,-86.8768856,Alfredo V. Bonfil,Quintana Roo,0675674443,silver,150,CEDI-01
Chedraui,Chedraui,,20.7132016,-105.2736958,Las Jarretaderas,Nayarit,0391133709,bronze,150,CEDI-11
Chedraui,Chedraui,,21.8551641,-102.293881,Aguascalientes,Aguascalientes,0463688077,silver,150,CEDI-07
Chedraui,Chedraui,,19.4006609,-98.9871739,Poligonos,Mexico,0195593559,silver,150,CEDI-10
Chedraui,Chedraui,,19.2086581,-96.2238751,Fraccionamiento Costa Dorada,Veracruz,0125654559,silver,150,CEDI-03
Chedraui,Chedraui,,19.4354047,-99.1101297,Venustiano Carranza,Mexico City,0646083803,bronze,150,CEDI-10
Súper Chedraui,Chedraui,,14.682002,-92.1484128,Ciudad Hidalgo,Chiapas,0470140965,silver,150,CEDI-09
Chedraui,Chedraui,,18.2674058,-93.2183146,Comalcalco,Tabasco,0292410707,gold,150,CEDI-09
Chedraui,Chedraui,,25.83627,-97.4994835,Heroica Matamoros,Tamaulipas,0528711492,silver,150,CEDI-02
Chedraui,Chedraui,,18.8327842,-99.1879009,Emiliano Zapata,Morelos,0573820579,silver,150,CEDI-10
Chedraui,Chedraui,,16.7477885,-93.0748418,Tuxtla Gutierrez,Chiapas,0921203148,gold,150,CEDI-09
Chedraui,Chedraui,,17.472336,-91.4255803,Tenosique de Pino Suarez,Tabasco,0646831464,silver,150,CEDI-09
Chedraui,Chedraui,,19.3166603,-98.2000858,Tlaxcala de Xicohtencatl,Tlaxcala,0815651992,gold,150,CEDI-10
Chedraui,Chedraui,Mo-Su 07:00-23:00,19.1570252,-96.1739978,Las Amapolas,Veracruz,0308300574,silver,150,CEDI-03
Chedraui,Chedraui,,22.183323,-100.9522621,Soledad Diez Gutierrez,San Luis Potosi,0730917425,silver,150,CEDI-07
Chedraui,Chedraui,,23.1872667,-102.8795116,Fresnillo,Zacatecas,0251680057,silver,150,CEDI-05
Chedraui,Chedraui,,19.6448943,-99.1084113,Coacalco,Mexico,0946121291,bronze,150,CEDI-10
Chedraui,Chedraui,,20.9510781,-97.4201091,Tuxpan de Rodriguez Cano,Veracruz,0176544067,bronze,150,CEDI-13
Chedraui,Chedraui,,19.36028,-99.2930976,Cuajimalpa,Mexico City,0475252323,bronze,150,CEDI-10
Chedraui Selecto,Chedraui,Mo-Su 08:00-22:00,16.7712649,-99.7744674,10 de Abril,Guerrero,0321792013,bronze,150,CEDI-10
Chedraui,Chedraui,"Mo-Su,PH 07:00-20:00+",19.4912188,-99.0668914,Gustavo A. Madero,Mexico City,0533634356,bronze,150,CEDI-10
Chedraui,Chedraui,,19.776633,-98.5807851,Ciudad Sahagun,Hidalgo,0159308822,silver,150,CEDI-10
Chedraui,Chedraui,,20.5208788,-97.4507886,Poza Rica de Hidalgo,Veracruz,0057003722,silver,150,CEDI-13
Supercito Chedraui,Chedraui,,18.9003851,-96.9986628,Fortin de las Flores,Veracruz,0329591266,silver,150,CEDI-03
Super Chedraui,Chedraui,,19.1903752,-99.4645507,Capulhuac,Morelos,0428850560,silver,150,CEDI-10
Chedraui,Chedraui,,19.5495519,-96.9481624,Guadalupe Victoria,Veracruz,0506401556,silver,150,CEDI-03
Chedraui,Chedraui,,19.5209892,-96.8840783,Lomas Verdes,Veracruz,0546977524,silver,150,CEDI-03
Chedraui,Chedraui,,19.4487601,-96.9630976,Coatepec,Veracruz,0817431069,silver,150,CEDI-03
Chedraui,Chedraui,,18.8477027,-97.0923533,Orizaba,Veracruz,0979979007,silver,150,CEDI-03
Chedraui,Chedraui,,20.5182934,-100.7956661,Celaya,Guanajuato,0954680806,gold,150,CEDI-07
Chedraui,Chedraui,,19.334669,-99.19823,Magdalena Contreras,Mexico City,0835598500,gold,150,CEDI-10
Super Chedraui,Chedraui,,18.3637684,-95.7942792,Cosamaloapan de Carpio,Veracruz,0948532918,bronze,150,CEDI-03
Super Che,Chedraui,,17.9605709,-94.7122869,Coacotla,Veracruz,0200671111,silver,150,CEDI-09
Chedraui,Chedraui,,19.1750876,-96.1352816,Veracruz,Veracruz,0664086522,gold,150,CEDI-03
Supercito Chedraui,Chedraui,,19.502532,-96.8780665,Colonia Santa Barbara,Veracruz,0121248608,bronze,150,CEDI-03
Supercito Chedraui,Chedraui,,19.5327585,-96.9209308,Xalapa de Enriquez,Veracruz,0109886842,silver,150,CEDI-03
Supercito Chedraui,Chedraui,,19.1260099,-96.1215432,Boca del Rio,Veracruz,0675531650,bronze,150,CEDI-03
Supercito Chedraui,Chedraui,,19.1347692,-96.1254349,Boca del Rio,Veracruz,0934286623,bronze,150,CEDI-03
Chedraui,Chedraui,,19.1392285,-96.1071652,Boca del Rio,Veracruz,0892447786,silver,150,CEDI-03
Super Selecto Chedraui,Chedraui,,19.1595213,-96.1191823,Veracruz,Veracruz,0349404868,silver,150,CEDI-03
Supercito Chedraui,Chedraui,,19.1753119,-96.1227307,Veracruz,Veracruz,0032972521,silver,150,CEDI-03
Chedraui,Chedraui,,19.1667759,-96.2224942,Las Amapolas,Veracruz,0728424853,silver,150,CEDI-03
Supercito Chedraui,Chedraui,,19.1929576,-96.1420945,Veracruz,Veracruz,0292848348,silver,150,CEDI-03
Supercito Chedraui,Chedraui,,19.2023482,-96.2039487,Los Torrentes,Veracruz,0221102127,silver,150,CEDI-03
Super Chedraui,Chedraui,,20.4463248,-97.3199644,Papantla de Olarte,Veracruz,0166603554,bronze,150,CEDI-13
Chedraui,Chedraui,,20.5359654,-97.473063,Poza Rica de Hidalgo,Veracruz,0152014895,silver,150,CEDI-13
Chedraui,Chedraui,07:00-23:00,17.9943254,-94.5750596,Minatitlan,Veracruz,0078945220,silver,150,CEDI-09
Chedraui,Chedraui,,18.4521295,-95.2194016,San Andres Tuxtla,Veracruz,0135593406,silver,150,CEDI-03
Chedraui,Chedraui,,21.135999,-86.7479626,Isla Mujeres,Quintana Roo,0267188624,gold,150,CEDI-01
Chedraui,Chedraui,,20.5712369,-100.3602177,Santiago de Queretaro,Queretaro,0642243919,silver,150,CEDI-07
Chedraui,Chedraui,,22.229695,-97.8451062,Anahuac,Veracruz,0752989776,bronze,150,CEDI-13
Selecto Chedraui,Chedraui,,21.9268575,-102.2953374,El Llano,Aguascalientes,0661065420,gold,150,CEDI-07
Chedraui,Chedraui,,18.987345,-98.2466684,El Capulo (La Quebradora),Puebla,0875248664,silver,150,CEDI-10
Super Chedraui,Chedraui,,18.7742745,-95.7641632,Heroica Alvarado,Veracruz,0204886596,bronze,150,CEDI-03
Super Selecto Chedraui,Chedraui,,20.6910722,-100.4488808,El Nabo,Queretaro,0133571507,gold,150,CEDI-07
Super Chedraui,Chedraui,,18.9623355,-97.9065124,Tepeaca,Puebla,0482138197,silver,150,CEDI-10
Super Selecto Chedraui,Chedraui,,20.6351004,-87.0681791,Playa del Carmen,Quintana Roo,0279023325,gold,150,CEDI-01
Supercito Chedraui,Chedraui,,18.8949431,-96.936389,Cordoba,Veracruz,0025453449,silver,150,CEDI-03
Supercito Chedraui,Chedraui,,18.8733612,-96.9332533,Cordoba,Veracruz,0240606303,silver,150,CEDI-03
Supercito Chedraui,Chedraui,,18.8852185,-96.9368266,Cordoba,Veracruz,0657777395,bronze,150,CEDI-03
Supercito Chedraui,Chedraui,,19.5718624,-96.9226865,El Pueblito (Garbanzal),Veracruz,0013097536,silver,150,CEDI-03
Chedraui,Chedraui,,17.0251446,-96.7284979,Santa Cruz Xoxocotlan,Oaxaca,0557827371,silver,150,CEDI-03
Chedraui Villas del Sol,Chedraui,,20.670504,-87.1148467,Playa del Carmen,Quintana Roo,0482389581,silver,150,CEDI-01
Chedraui,Chedraui,,21.1125464,-101.6524784,Leon,Guanajuato,0369265464,bronze,150,CEDI-07
Supercito Chedraui,Chedraui,,19.1644018,-96.1269491,Veracruz,Veracruz,0923453025,silver,150,CEDI-03
Supercito Chedraui,Chedraui,,19.453428,-99.1612667,Cuauhtemoc,Mexico City,0881380946,silver,150,CEDI-10
Super Chedraui,Chedraui,,18.96615,-99.2324487,Fraccionamiento Lomas de Ahuatlan,Morelos,0043104671,silver,150,CEDI-10
Supercito Chedraui,Chedraui,Mo-Su 07:00-22:00,19.4387131,-98.931832,Santa Martha,Mexico,0017592228,bronze,150,CEDI-10
Selecto Chedraui,Chedraui,,21.0213003,-89.579214,Merida,Yucatan,0889511992,bronze,150,CEDI-01
Supercito Chedraui,Chedraui,,19.5126313,-96.8513608,Las Trancas,Veracruz,0322276911,bronze,150,CEDI-03
Chedraui,Chedraui,,20.9427696,-89.575417,Kanasin,Yucatan,0259742120,bronze,150,CEDI-01
